entryTime,exitTime,dir,entry,exit,size,pnl,win,reason,holdBars,capAfter
2025-12-02T23:45,2025-12-03T01:45,SHORT,2994.44,3018.3955,50,-2.175,false,цнвцНЯ,8,164.49
2025-12-03T02:00,2025-12-03T05:00,SHORT,3043.21,3067.5557,49.35,-2.1467,false,цнвцНЯ,12,162.34
2025-12-03T06:15,2025-12-03T14:00,SHORT,3082.15,3035.9178,48.7,3.482,true,цнвчЫИ,31,165.83
2025-12-03T14:30,2025-12-03T14:45,SHORT,3130.19,3083.2371,49.75,3.5571,true,цнвчЫИ,1,169.38
2025-12-03T16:00,2025-12-03T16:30,SHORT,3068.74,3093.2899,50.82,-2.2107,false,цнвцНЯ,2,167.17
2025-12-03T21:45,2025-12-03T22:45,SHORT,3162.56,3187.8605,50.15,-2.1815,false,цнвцНЯ,4,164.99
2025-12-03T22:45,2025-12-03T23:00,SHORT,3188.25,3213.756,49.5,-2.1532,false,цнвцНЯ,1,162.84
2025-12-04T01:00,2025-12-04T04:45,SHORT,3234.84,3186.3174,48.85,3.4928,true,цнвчЫИ,15,166.33
2025-12-04T06:30,2025-12-04T08:00,LONG,3206.14,3180.4909,49.9,-2.1706,false,цнвцНЯ,6,164.16
2025-12-04T10:45,2025-12-04T14:45,SHORT,3187.11,3139.3034,49.25,3.5214,true,цнвчЫИ,16,167.68
2025-12-04T14:45,2025-12-04T15:30,LONG,3142.97,3190.1145,50.3,3.5964,true,цнвчЫИ,3,171.28
2025-12-04T15:30,2025-12-04T16:45,SHORT,3213,3164.805,51.38,3.6737,true,цнвчЫИ,5,174.95
2025-12-04T16:45,2025-12-04T19:00,SHORT,3167.83,3120.3126,52.49,3.753,true,цнвчЫИ,9,178.71
2025-12-04T19:00,2025-12-04T20:45,LONG,3088.96,3135.2944,53.61,3.8331,true,цнвчЫИ,7,182.54
2025-12-04T22:15,2025-12-05T02:30,LONG,3139.3,3186.3895,54.76,3.9153,true,цнвчЫИ,17,186.45
2025-12-05T06:45,2025-12-05T08:30,LONG,3167.25,3141.912,55.94,-2.4334,false,цнвцНЯ,7,184.02
2025-12-05T09:00,2025-12-05T09:15,LONG,3140.46,3115.3363,55.21,-2.4016,false,цнвцНЯ,1,181.62
2025-12-05T09:15,2025-12-05T13:30,LONG,3122.35,3097.3712,54.49,-2.3703,false,цнвцНЯ,17,179.25
2025-12-05T13:30,2025-12-05T15:00,LONG,3095.25,3141.6787,53.77,3.8446,true,цнвчЫИ,6,183.09
2025-12-05T16:00,2025-12-05T16:30,LONG,3058.99,3034.5181,54.93,-2.3895,false,цнвцНЯ,2,180.7
2025-12-05T16:30,2025-12-05T18:00,LONG,3014.18,3059.3927,54.21,3.876,true,цнвчЫИ,6,184.58
2025-12-06T00:45,2025-12-07T14:15,LONG,3024.65,3000.4528,55.37,-2.4086,false,цнвцНЯ,150,182.17
2025-12-07T14:15,2025-12-07T15:30,LONG,2938.4,2982.476,54.65,3.9075,true,цнвчЫИ,5,186.08
2025-12-07T16:15,2025-12-07T17:15,LONG,3015.54,3060.7731,55.82,3.9911,true,цнвчЫИ,4,190.07
2025-12-07T22:00,2025-12-07T22:45,LONG,3042.13,3017.793,57.02,-2.4804,false,цнвцНЯ,3,187.59
2025-12-08T01:00,2025-12-08T01:30,LONG,3076.34,3122.4851,56.28,4.024,true,цнвчЫИ,2,191.61
2025-12-08T08:45,2025-12-08T09:00,SHORT,3141.74,3166.8739,57.48,-2.5004,false,цнвцНЯ,1,189.11
2025-12-08T09:00,2025-12-08T15:00,SHORT,3163.87,3116.4119,56.73,4.0562,true,цнвчЫИ,24,193.17
2025-12-08T15:00,2025-12-08T18:45,LONG,3108.04,3083.1757,57.95,-2.5208,false,цнвцНЯ,15,190.65
2025-12-08T20:00,2025-12-09T01:30,LONG,3126.78,3101.7658,57.19,-2.4878,false,цнвцНЯ,22,188.16
2025-12-09T04:45,2025-12-09T12:15,SHORT,3105.79,3130.6363,56.45,-2.4556,false,цнвцНЯ,30,185.7
2025-12-09T12:15,2025-12-09T15:00,SHORT,3129.34,3154.3747,55.71,-2.4234,false,цнвцНЯ,11,183.28
2025-12-09T15:15,2025-12-09T15:30,SHORT,3153.55,3178.7784,54.98,-2.3916,false,цнвцНЯ,1,180.89
2025-12-09T15:30,2025-12-09T15:45,SHORT,3211.3,3236.9904,54.27,-2.3607,false,цнвцНЯ,1,178.53
2025-12-09T15:45,2025-12-09T16:00,SHORT,3243.99,3269.9419,53.56,-2.3299,false,цнвцНЯ,1,176.2
2025-12-09T16:00,2025-12-09T16:30,SHORT,3290.74,3317.0659,52.86,-2.2994,false,цнвцНЯ,2,173.9
2025-12-09T16:30,2025-12-09T16:45,SHORT,3342.8,3369.5424,52.17,-2.2694,false,цнвцНЯ,1,171.63
2025-12-09T20:30,2025-12-10T10:00,SHORT,3325.44,3352.0435,51.49,-2.2398,false,цнвцНЯ,54,169.39
2025-12-10T10:00,2025-12-10T17:15,SHORT,3343.21,3369.9557,50.82,-2.2107,false,цнвцНЯ,29,167.18
2025-12-10T17:15,2025-12-10T18:30,SHORT,3367.18,3394.1174,50.15,-2.1815,false,цнвцНЯ,5,165
2025-12-10T20:00,2025-12-10T20:15,SHORT,3440.71,3389.0993,49.5,3.5393,true,цнвчЫИ,1,168.54
2025-12-10T21:00,2025-12-11T00:30,SHORT,3351.97,3301.6904,50.56,3.615,true,цнвчЫИ,14,172.15
2025-12-11T01:00,2025-12-11T02:00,LONG,3255.01,3228.9699,51.65,-2.2468,false,цнвцНЯ,4,169.91
2025-12-11T08:30,2025-12-11T14:30,LONG,3185.63,3160.145,50.97,-2.2172,false,цнвцНЯ,24,167.69
2025-12-11T14:45,2025-12-11T15:15,LONG,3158.36,3205.7354,50.31,3.5972,true,цнвчЫИ,2,171.29
2025-12-11T16:00,2025-12-11T18:30,LONG,3157.79,3205.1568,51.39,3.6744,true,цнвчЫИ,10,174.96
2025-12-11T18:30,2025-12-11T21:15,SHORT,3230.59,3256.4347,52.49,-2.2833,false,цнвцНЯ,11,172.68
2025-12-11T21:15,2025-12-12T00:45,SHORT,3256.8,3207.948,51.8,3.7037,true,цнвчЫИ,14,176.38
2025-12-12T00:45,2025-12-12T01:30,LONG,3187.9,3235.7185,52.91,3.7831,true,цнвчЫИ,3,180.16
2025-12-12T01:45,2025-12-12T15:00,LONG,3232.67,3206.8086,54.05,-2.3512,false,цнвцНЯ,53,177.81
2025-12-12T15:00,2025-12-12T15:15,LONG,3205.06,3179.4195,53.34,-2.3203,false,цнвцНЯ,1,175.49
2025-12-12T15:15,2025-12-12T15:30,LONG,3151.27,3126.0598,52.65,-2.2903,false,цнвцНЯ,1,173.2
2025-12-12T15:30,2025-12-12T15:45,LONG,3108.32,3083.4534,51.96,-2.2603,false,цнвцНЯ,1,170.94
2025-12-12T15:45,2025-12-12T16:15,LONG,3069.81,3045.2515,51.28,-2.2307,false,цнвцНЯ,2,168.71
2025-12-12T21:30,2025-12-13T08:15,LONG,3085.72,3132.0058,50.61,3.6186,true,цнвчЫИ,43,172.33
2025-12-13T08:15,2025-12-14T11:30,SHORT,3121.49,3074.6676,51.7,3.6966,true,цнвчЫИ,109,176.03
2025-12-14T11:30,2025-12-14T23:30,LONG,3064.07,3039.5574,52.81,-2.2972,false,цнвцНЯ,48,173.73
2025-12-15T01:15,2025-12-15T02:00,LONG,3074.72,3120.8408,52.12,3.7266,true,цнвчЫИ,3,177.46
2025-12-15T02:00,2025-12-15T02:15,SHORT,3119.3,3144.2544,53.24,-2.3159,false,цнвцНЯ,1,175.14
2025-12-15T02:15,2025-12-15T09:45,SHORT,3133.1,3158.1648,52.54,-2.2855,false,цнвцНЯ,30,172.85
2025-12-15T10:15,2025-12-15T14:30,SHORT,3165.66,3118.1751,51.86,3.708,true,цнвчЫИ,17,176.56
2025-12-15T14:45,2025-12-15T15:00,LONG,3047.4,3023.0208,52.97,-2.3042,false,цнвцНЯ,1,174.26
2025-12-15T15:00,2025-12-15T15:15,LONG,3033.29,3009.0237,52.28,-2.2742,false,цнвцНЯ,1,171.98
2025-12-15T15:15,2025-12-15T16:30,LONG,3000.62,2976.615,51.6,-2.2446,false,цнвцНЯ,5,169.74
2025-12-15T22:45,2025-12-16T03:00,LONG,2950.89,2927.2829,50.92,-2.215,false,цнвцНЯ,17,167.52
2025-12-16T08:30,2025-12-16T13:30,LONG,2934.42,2978.4363,50.26,3.5936,true,цнвчЫИ,20,171.12
2025-12-16T13:45,2025-12-16T14:00,LONG,2909.2,2885.9264,51.34,-2.2333,false,цнвцНЯ,1,168.88
2025-12-16T16:45,2025-12-16T18:45,SHORT,2937.33,2960.8286,50.67,-2.2041,false,цнвцНЯ,8,166.68
2025-12-16T19:00,2025-12-16T19:45,SHORT,2924.32,2947.7146,50,-2.175,false,цнвцНЯ,3,164.51
2025-12-17T00:30,2025-12-17T01:15,SHORT,2944.09,2967.6427,49.35,-2.1467,false,цнвцНЯ,3,162.36
2025-12-17T02:45,2025-12-17T04:15,LONG,2958.19,2934.5245,48.71,-2.1189,false,цнвцНЯ,6,160.24
2025-12-17T04:30,2025-12-17T14:45,LONG,2929.66,2906.2227,48.07,-2.091,false,цнвчЫИ,41,158.15
2025-12-17T14:45,2025-12-17T15:00,SHORT,2993.86,3017.8109,47.44,-2.0636,false,цнвцНЯ,1,156.09
2025-12-17T15:00,2025-12-17T15:30,SHORT,3018.98,2973.6953,46.83,3.3483,true,цнвчЫИ,2,159.43
2025-12-17T16:15,2025-12-17T18:30,LONG,2846.84,2824.0653,47.83,-2.0806,false,цнвцНЯ,9,157.35
2025-12-17T22:45,2025-12-18T13:00,LONG,2833.85,2876.3577,47.21,3.3755,true,цнвчЫИ,57,160.73
2025-12-18T13:00,2025-12-18T13:30,SHORT,2902.82,2926.0426,48.22,-2.0976,false,цнвцНЯ,2,158.63
2025-12-18T13:30,2025-12-18T13:45,SHORT,2936.19,2959.6795,47.59,-2.0702,false,цнвцНЯ,1,156.56
2025-12-18T13:45,2025-12-18T14:00,SHORT,2962.49,2986.1899,46.97,-2.0432,false,цнвцНЯ,1,154.52
2025-12-18T17:15,2025-12-18T18:00,LONG,2822.28,2864.6142,46.36,3.3147,true,цнвчЫИ,3,157.83
2025-12-18T22:15,2025-12-19T03:00,LONG,2826.42,2868.8163,47.35,3.3855,true,цнвчЫИ,19,161.22
2025-12-19T03:00,2025-12-19T03:15,SHORT,2867.94,2890.8835,48.37,-2.1041,false,цнвцНЯ,1,159.11
2025-12-19T03:15,2025-12-19T03:30,SHORT,2910.12,2933.401,47.73,-2.0763,false,цнвцНЯ,1,157.04
2025-12-19T03:30,2025-12-19T04:00,SHORT,2901.55,2924.7624,47.11,-2.0493,false,цнвцНЯ,2,154.99
2025-12-19T11:15,2025-12-19T14:15,SHORT,2961.43,2985.1214,46.5,-2.0227,false,цнвцНЯ,12,152.97
2025-12-19T14:30,2025-12-19T15:15,SHORT,2992.05,3015.9864,45.89,-1.9962,false,цнвцНЯ,3,150.97
2025-12-19T17:30,2025-12-19T19:15,SHORT,2960.13,2983.811,45.29,-1.9701,false,цнвцНЯ,7,149
2025-12-19T19:15,2025-12-21T13:30,LONG,2977.49,2953.6701,44.7,-1.9444,false,цнвцНЯ,169,147.05
2025-12-21T13:30,2025-12-21T23:00,LONG,2954.97,2999.2945,44.12,3.1546,true,цнвчЫИ,38,150.21
2025-12-21T23:00,2025-12-22T00:00,SHORT,2997.73,3021.7118,45.06,-1.9601,false,цнвцНЯ,4,148.25
2025-12-22T00:00,2025-12-22T02:00,SHORT,3044.22,2998.5567,44.47,3.1796,true,цнвчЫИ,8,151.43
2025-12-22T02:15,2025-12-22T03:15,SHORT,2997.71,3021.6917,45.43,-1.9762,false,цнвцНЯ,4,149.45
2025-12-22T03:15,2025-12-22T12:30,LONG,3025.6,3070.984,44.84,3.2061,true,цнвчЫИ,37,152.66
2025-12-22T16:15,2025-12-22T17:00,LONG,3055.24,3030.7981,45.8,-1.9923,false,цнвцНЯ,3,150.67
2025-12-22T19:00,2025-12-22T19:45,LONG,2999.06,2975.0675,45.2,-1.9662,false,цнвцНЯ,3,148.7
2025-12-23T10:45,2025-12-23T13:30,LONG,2966.03,2942.3018,44.61,-1.9405,false,цнвцНЯ,11,146.76
2025-12-23T13:30,2025-12-23T14:30,LONG,2947.18,2923.6026,44.03,-1.9153,false,цнвцНЯ,4,144.84
2025-12-23T14:45,2025-12-23T16:15,LONG,2915.78,2959.5167,43.45,3.1067,true,цнвчЫИ,6,147.95
2025-12-23T17:45,2025-12-23T20:15,LONG,2909.55,2953.1932,44.39,3.1739,true,цнвчЫИ,10,151.12
2025-12-23T20:30,2025-12-24T02:30,SHORT,2978.31,2933.6354,45.34,3.2418,true,цнвчЫИ,24,154.37
2025-12-24T02:30,2025-12-24T14:30,LONG,2927.35,2903.9312,46.31,-2.0145,false,цнвцНЯ,48,152.35
2025-12-24T14:30,2025-12-24T17:30,LONG,2908.61,2952.2391,45.71,3.2683,true,цнвчЫИ,12,155.62
2025-12-24T22:30,2025-12-25T10:30,SHORT,2957.14,2912.7829,46.69,3.3383,true,цнвчЫИ,48,158.96
2025-12-25T13:30,2025-12-25T22:45,LONG,2928.7,2905.2704,47.69,-2.0745,false,цнвцНЯ,37,156.88
2025-12-25T22:45,2025-12-25T23:30,LONG,2920.05,2896.6896,47.07,-2.0475,false,цнвцНЯ,3,154.84
2025-12-25T23:30,2025-12-26T02:00,LONG,2897.01,2940.4651,46.45,3.3212,true,цнвчЫИ,10,158.16
2025-12-26T02:15,2025-12-26T14:45,SHORT,2978.79,2934.1082,47.45,3.3927,true,цнвчЫИ,50,161.55
2025-12-26T14:45,2025-12-29T00:30,LONG,2916.42,2960.1663,48.47,3.4656,true,цнвчЫИ,231,165.02
2025-12-29T00:30,2025-12-29T02:00,SHORT,2966.76,2990.4941,49.5,-2.1533,false,цнвцНЯ,6,162.86
2025-12-29T02:00,2025-12-29T03:30,SHORT,3010.29,3034.3723,48.86,-2.1254,false,цнвцНЯ,6,160.74
2025-12-29T09:30,2025-12-29T12:00,LONG,2970.17,2946.4086,48.22,-2.0976,false,цнвцНЯ,10,158.64
2025-12-29T12:00,2025-12-29T14:30,LONG,2919.22,2963.0083,47.59,3.4027,true,цнвчЫИ,10,162.04
2025-12-29T18:00,2025-12-29T18:45,LONG,2937.31,2913.8115,48.61,-2.1145,false,цнвцНЯ,3,159.93
2025-12-29T18:45,2025-12-30T08:00,LONG,2918.53,2962.3079,47.98,3.4306,true,цнвчЫИ,53,163.36
2025-12-30T08:00,2025-12-31T14:00,SHORT,2987,3010.896,49.01,-2.1319,false,цнвцНЯ,120,161.23
2025-12-31T14:00,2025-12-31T15:00,SHORT,3013.64,2968.4354,48.37,3.4585,true,цнвчЫИ,4,164.68
2025-12-31T21:15,2026-01-02T03:30,LONG,2979.58,3024.2737,49.41,3.5328,true,цнвчЫИ,121,168.22
2026-01-02T03:30,2026-01-02T09:00,SHORT,3022,3046.176,50.47,-2.1954,false,цнвцНЯ,22,166.02
2026-01-02T09:00,2026-01-02T10:00,SHORT,3038.94,3063.2515,49.81,-2.1667,false,цнвцНЯ,4,163.86
2026-01-02T10:00,2026-01-02T14:45,SHORT,3059.24,3083.7139,49.16,-2.1385,false,цнвцНЯ,19,161.72
2026-01-02T14:45,2026-01-02T16:15,SHORT,3080.88,3105.527,48.52,-2.1106,false,цнвцНЯ,6,159.61
2026-01-02T16:30,2026-01-03T07:15,SHORT,3123.91,3077.0513,47.88,3.4234,true,цнвчЫИ,59,163.03
2026-01-03T07:15,2026-01-03T23:15,LONG,3081.8,3128.027,48.91,3.4971,true,цнвчЫИ,64,166.53
2026-01-04T00:00,2026-01-05T00:45,SHORT,3145.96,3171.1277,49.96,-2.1733,false,цнвцНЯ,99,164.35
2026-01-05T00:45,2026-01-05T01:00,SHORT,3166.6,3191.9328,49.31,-2.145,false,цнвцНЯ,1,162.21
2026-01-05T01:00,2026-01-05T01:30,SHORT,3188.86,3214.3709,48.66,-2.1167,false,цнвцНЯ,2,160.09
2026-01-05T01:30,2026-01-05T04:15,SHORT,3209.25,3161.1112,48.03,3.4341,true,цнвчЫИ,11,163.53
2026-01-05T08:15,2026-01-05T14:30,LONG,3165.55,3140.2256,49.06,-2.1341,false,цнвцНЯ,25,161.39
2026-01-05T15:30,2026-01-05T17:45,SHORT,3191,3216.528,48.42,-2.1063,false,цнвцНЯ,9,159.29
2026-01-05T17:45,2026-01-05T20:00,SHORT,3211.35,3237.0408,47.79,-2.0789,false,цнвцНЯ,9,157.21
2026-01-05T20:15,2026-01-06T00:30,SHORT,3258.77,3209.8884,47.16,3.3719,true,цнвчЫИ,17,160.58
2026-01-06T01:45,2026-01-06T06:30,SHORT,3216.94,3242.6755,48.17,-2.0954,false,цнвцНЯ,19,158.48
2026-01-06T06:30,2026-01-06T14:00,SHORT,3245.59,3271.5547,47.55,-2.0684,false,цнвцНЯ,30,156.42
2026-01-06T14:00,2026-01-06T14:15,SHORT,3273.43,3299.6174,46.92,-2.041,false,цнвцНЯ,1,154.37
2026-01-06T14:15,2026-01-06T16:15,SHORT,3303.89,3254.3316,46.31,3.3112,true,цнвчЫИ,8,157.69
2026-01-06T17:45,2026-01-06T20:15,LONG,3195,3242.925,47.31,3.3827,true,цнвчЫИ,10,161.07
2026-01-06T21:15,2026-01-07T09:00,SHORT,3281,3231.785,48.32,3.4549,true,цнвчЫИ,47,164.52
2026-01-07T09:00,2026-01-07T09:30,LONG,3233.49,3207.6221,49.36,-2.1472,false,цнвцНЯ,2,162.38
2026-01-07T09:30,2026-01-07T14:30,LONG,3209.02,3183.3478,48.71,-2.1189,false,цнвцНЯ,20,160.26
2026-01-07T14:30,2026-01-07T15:00,LONG,3190.13,3164.609,48.08,-2.0915,false,цнвцНЯ,2,158.17
2026-01-07T15:00,2026-01-07T18:15,LONG,3167.47,3142.1302,47.45,-2.0641,false,цнвцНЯ,13,156.1
2026-01-07T21:45,2026-01-08T06:15,LONG,3148.65,3123.4608,46.83,-2.0371,false,цнвцНЯ,34,154.06
2026-01-08T06:15,2026-01-08T07:00,LONG,3116.93,3091.9946,46.22,-2.0106,false,цнвцНЯ,3,152.05
2026-01-08T11:00,2026-01-08T12:00,LONG,3121.99,3097.0141,45.62,-1.9845,false,цнвцНЯ,4,150.07
2026-01-08T12:00,2026-01-08T14:00,LONG,3101.58,3076.7674,45.02,-1.9584,false,цнвцНЯ,8,148.11
2026-01-08T14:15,2026-01-08T14:45,LONG,3078.09,3053.4653,44.43,-1.9327,false,цнвцНЯ,2,146.18
2026-01-08T15:45,2026-01-09T08:45,LONG,3102.77,3077.9478,43.85,-1.9075,false,цнвцНЯ,68,144.27
2026-01-09T08:45,2026-01-09T15:00,LONG,3081.53,3056.8778,43.28,-1.8827,false,цнвцНЯ,25,142.39
2026-01-09T15:15,2026-01-09T18:30,SHORT,3128.12,3081.1982,42.72,3.0545,true,цнвчЫИ,13,145.44
2026-01-09T23:00,2026-01-11T16:30,LONG,3087.52,3133.8328,43.63,3.1195,true,цнвчЫИ,166,148.56
2026-01-11T16:30,2026-01-12T02:45,SHORT,3134.6,3159.6768,44.57,-1.9388,false,цнвцНЯ,41,146.62
2026-01-12T02:45,2026-01-12T08:30,SHORT,3156.34,3108.9949,43.99,3.1453,true,цнвчЫИ,23,149.77
2026-01-12T08:30,2026-01-12T14:15,LONG,3108.02,3083.1558,44.93,-1.9545,false,цнвцНЯ,23,147.81
2026-01-12T14:15,2026-01-12T15:15,LONG,3077,3123.155,44.34,3.1703,true,цнвчЫИ,4,150.98
2026-01-12T19:45,2026-01-12T21:00,LONG,3119.8,3094.8416,45.3,-1.9705,false,цнвцНЯ,5,149.01
2026-01-13T00:30,2026-01-13T09:15,LONG,3100.67,3147.18,44.7,3.196,true,цнвчЫИ,35,152.21
2026-01-13T09:15,2026-01-13T15:30,SHORT,3141.37,3166.501,45.66,-1.9862,false,цнвцНЯ,25,150.22
2026-01-13T15:30,2026-01-13T15:45,SHORT,3159.61,3184.8869,45.07,-1.9605,false,цнвцНЯ,1,148.26
2026-01-13T15:45,2026-01-13T18:45,SHORT,3181.87,3207.325,44.48,-1.9349,false,цнвцНЯ,12,146.33
2026-01-13T22:00,2026-01-13T23:00,SHORT,3319.2,3345.7536,43.9,-1.9097,false,цнвцНЯ,4,144.42
2026-01-14T03:30,2026-01-14T04:00,SHORT,3337.24,3363.9379,43.33,-1.8849,false,цнвцНЯ,2,142.53
2026-01-14T04:15,2026-01-14T11:00,SHORT,3344.03,3293.8696,42.76,3.0573,true,цнвчЫИ,27,145.59
2026-01-14T11:00,2026-01-14T14:45,LONG,3297.61,3347.0741,43.68,3.1231,true,цнвчЫИ,15,148.71
2026-01-14T14:45,2026-01-14T16:30,SHORT,3346.92,3373.6954,44.61,-1.9405,false,цнвцНЯ,7,146.77
2026-01-14T18:00,2026-01-14T19:15,SHORT,3338.27,3364.9762,44.03,-1.9153,false,цнвцНЯ,5,144.86
2026-01-14T19:15,2026-01-15T00:15,SHORT,3389.09,3338.2537,43.46,3.1074,true,цнвчЫИ,20,147.97
2026-01-15T03:15,2026-01-15T09:15,LONG,3290.13,3339.4819,44.39,3.1739,true,цнвчЫИ,24,151.14
2026-01-15T09:30,2026-01-15T15:30,SHORT,3368,3317.48,45.34,3.2418,true,цнвчЫИ,24,154.38
2026-01-15T22:00,2026-01-16T15:30,LONG,3298.68,3272.2906,46.31,-2.0145,false,цнвцНЯ,70,152.37
2026-01-16T15:30,2026-01-17T15:15,LONG,3268.25,3317.2737,45.71,3.2683,true,цнвчЫИ,95,155.63
2026-01-18T17:45,2026-01-18T23:45,SHORT,3342.85,3292.7072,46.69,3.3383,true,цнвчЫИ,24,158.97
2026-01-18T23:45,2026-01-19T00:00,LONG,3282.91,3256.6467,47.69,-2.0745,false,цнвцНЯ,1,156.9
2026-01-19T00:00,2026-01-19T00:15,LONG,3217.25,3191.512,47.07,-2.0475,false,цнвцНЯ,1,154.85
2026-01-19T00:15,2026-01-19T23:00,LONG,3203.44,3177.8125,46.46,-2.021,false,цнвцНЯ,91,152.83
2026-01-19T23:00,2026-01-20T06:15,LONG,3174.28,3148.8858,45.85,-1.9945,false,цнвцНЯ,29,150.84
2026-01-20T06:15,2026-01-20T06:45,LONG,3140.38,3115.257,45.25,-1.9684,false,цнвцНЯ,2,148.87
2026-01-20T06:45,2026-01-20T08:30,LONG,3115.51,3090.5859,44.66,-1.9427,false,цнвцНЯ,7,146.92
2026-01-20T12:00,2026-01-20T13:15,LONG,3110.98,3086.0922,44.08,-1.9175,false,цнвцНЯ,5,145.01
2026-01-20T13:15,2026-01-20T14:15,LONG,3087.44,3062.7405,43.5,-1.8922,false,цнвцНЯ,4,143.11
2026-01-20T14:15,2026-01-20T14:30,LONG,3069,3044.448,42.93,-1.8675,false,цнвцНЯ,1,141.25
2026-01-20T14:45,2026-01-20T15:00,LONG,3045.95,3021.5824,42.37,-1.8431,false,цнвцНЯ,1,139.4
2026-01-20T15:00,2026-01-20T17:30,LONG,3016.54,2992.4077,41.82,-1.8192,false,цнвцНЯ,10,137.59
2026-01-20T22:15,2026-01-20T22:30,LONG,2985.07,2961.1894,41.28,-1.7957,false,цнвцНЯ,1,135.79
2026-01-20T22:30,2026-01-21T00:15,LONG,2946.63,2923.057,40.74,-1.7722,false,цнвцНЯ,7,134.02
2026-01-21T01:30,2026-01-21T11:45,LONG,2965.9,2942.1728,40.21,-1.7491,false,цнвцНЯ,41,132.27
2026-01-21T11:45,2026-01-21T12:00,LONG,2941.81,2918.2755,39.68,-1.7261,false,цнвцНЯ,1,130.54
2026-01-21T12:00,2026-01-21T14:00,LONG,2920.42,2964.2263,39.16,2.7999,true,цнвчЫИ,8,133.34
2026-01-21T16:30,2026-01-21T17:15,LONG,2887.35,2864.2512,40,-1.74,false,цнвцНЯ,3,131.6
2026-01-22T01:00,2026-01-22T08:00,LONG,3017.3,2993.1616,39.48,-1.7174,false,цнвцНЯ,28,129.88
2026-01-22T08:00,2026-01-22T13:30,LONG,2994.65,2970.6928,38.97,-1.6952,false,цнвцНЯ,22,128.19
2026-01-22T13:30,2026-01-22T14:45,LONG,2967.24,2943.5021,38.46,-1.673,false,цнвцНЯ,5,126.52
2026-01-22T14:45,2026-01-22T15:15,LONG,2939.24,2915.7261,37.95,-1.6508,false,цнвцНЯ,2,124.87
2026-01-22T15:15,2026-01-22T15:45,LONG,2910.15,2953.8022,37.46,2.6784,true,цнвчЫИ,2,127.54
2026-01-22T18:00,2026-01-22T19:00,LONG,2955.91,2932.2627,38.26,-1.6643,false,цнвцНЯ,4,125.88
2026-01-22T19:30,2026-01-22T20:30,LONG,2955.81,2932.1635,37.76,-1.6426,false,цнвцНЯ,4,124.24
2026-01-22T22:00,2026-01-23T08:30,LONG,2953.38,2929.753,37.27,-1.6212,false,цнвцНЯ,42,122.62
2026-01-23T12:45,2026-01-23T15:45,SHORT,2933.62,2957.089,36.78,-1.5999,false,цнвцНЯ,12,121.02
2026-01-23T16:30,2026-01-23T17:15,SHORT,2970.4,2994.1632,36.3,-1.579,false,цнвцНЯ,3,119.44
2026-01-23T17:15,2026-01-23T19:30,SHORT,2996.76,2951.8086,35.83,2.5618,true,цнвчЫИ,9,122
2026-01-23T22:45,2026-01-25T06:00,LONG,2958.63,2934.961,36.6,-1.5921,false,цнвцНЯ,125,120.41
2026-01-25T08:30,2026-01-25T16:00,LONG,2930.61,2907.1651,36.12,-1.5712,false,цнвцНЯ,30,118.84
2026-01-25T16:00,2026-01-25T16:15,LONG,2901.39,2878.1789,35.65,-1.5508,false,цнвцНЯ,1,117.28
2026-01-25T16:15,2026-01-25T18:00,LONG,2889.7,2866.5824,35.19,-1.5308,false,цнвцНЯ,7,115.75
2026-01-26T01:00,2026-01-26T01:45,SHORT,2866.52,2889.4522,34.73,-1.5108,false,цнвцНЯ,3,114.24
2026-01-26T03:45,2026-01-26T04:15,SHORT,2849.78,2872.5782,34.27,-1.4907,false,цнвцНЯ,2,112.75
2026-01-26T06:30,2026-01-26T07:15,SHORT,2886.78,2909.8742,33.83,-1.4716,false,цнвцНЯ,3,111.28
2026-01-26T09:45,2026-01-26T12:15,SHORT,2884.71,2907.7877,33.38,-1.452,false,цнвцНЯ,10,109.83
2026-01-26T14:30,2026-01-26T15:00,SHORT,2916.59,2939.9227,32.95,-1.4333,false,цнвцНЯ,2,108.4
2026-01-26T15:00,2026-01-26T15:30,SHORT,2943.38,2899.2293,32.52,2.3252,true,цнвчЫИ,2,110.72
2026-01-26T16:00,2026-01-26T18:15,SHORT,2899.89,2923.0891,33.22,-1.4451,false,цнвцНЯ,9,109.28
2026-01-27T00:30,2026-01-27T02:30,SHORT,2919.22,2942.5738,32.78,-1.4259,false,цнвцНЯ,8,107.85
2026-01-27T06:15,2026-01-27T16:00,SHORT,2932.5,2955.96,32.35,-1.4072,false,цнвцНЯ,39,106.44
2026-01-27T16:00,2026-01-27T16:30,SHORT,2972.35,2996.1288,31.93,-1.389,false,цнвцНЯ,2,105.05
2026-01-27T16:30,2026-01-27T17:15,SHORT,2990.6,2945.741,31.52,2.2537,true,цнвчЫИ,3,107.31
2026-01-27T17:45,2026-01-27T18:30,SHORT,2929.32,2952.7546,32.19,-1.4003,false,цнвцНЯ,3,105.91
2026-01-27T18:30,2026-01-27T20:00,LONG,2947.25,2991.4587,31.77,2.2716,true,цнвчЫИ,6,108.18
2026-01-28T01:30,2026-01-28T10:15,SHORT,3012.03,3036.1262,32.45,-1.4116,false,цнвцНЯ,35,106.77
2026-01-28T15:00,2026-01-28T20:15,LONG,2988.72,3033.5508,32.03,2.2901,true,цнвчЫИ,21,109.06
2026-01-28T20:15,2026-01-29T02:30,SHORT,3030.53,2985.0721,32.72,2.3395,true,цнвчЫИ,25,111.4
2026-01-29T02:30,2026-01-29T04:15,LONG,2964.96,2941.2403,33.42,-1.4538,false,цнвцНЯ,7,109.94
2026-01-29T08:00,2026-01-29T11:15,LONG,2946.43,2922.8586,32.98,-1.4346,false,цнвцНЯ,13,108.51
2026-01-29T11:15,2026-01-29T14:45,LONG,2923.49,2900.1021,32.55,-1.4159,false,цнвцНЯ,14,107.09
2026-01-29T14:45,2026-01-29T15:00,LONG,2875.27,2852.2678,32.13,-1.3977,false,цнвцНЯ,1,105.69
2026-01-29T15:00,2026-01-29T17:15,LONG,2811.61,2853.7841,31.71,2.2673,true,цнвчЫИ,9,107.96
2026-01-29T21:00,2026-01-30T01:15,LONG,2817,2794.464,32.39,-1.409,false,цнвцНЯ,17,106.55
2026-01-30T01:30,2026-01-30T02:15,LONG,2723.56,2701.7715,31.97,-1.3907,false,цнвцНЯ,3,105.16
2026-01-30T06:15,2026-01-30T06:45,LONG,2720.85,2699.0832,31.55,-1.3724,false,цнвцНЯ,2,103.79
2026-01-30T11:00,2026-01-30T15:15,LONG,2736.01,2714.1219,31.14,-1.3546,false,цнвцНЯ,17,102.44
2026-01-30T15:15,2026-01-30T18:15,LONG,2709.04,2687.3677,30.73,-1.3368,false,цнвцНЯ,12,101.1
2026-01-30T18:15,2026-01-30T18:45,LONG,2674.57,2714.6885,30.33,2.1686,true,цнвчЫИ,2,103.27
2026-01-30T19:00,2026-01-30T20:00,LONG,2740,2718.08,30.98,-1.3476,false,цнвцНЯ,4,101.92
2026-01-30T20:15,2026-01-31T08:15,LONG,2681.94,2660.4845,30.58,-1.3302,false,цнвцНЯ,48,100.59
2026-01-31T08:15,2026-01-31T08:30,LONG,2663,2641.696,30.18,-1.3128,false,цнвцНЯ,1,99.28
2026-01-31T08:30,2026-01-31T14:00,LONG,2630.65,2609.6048,29.78,-1.2954,false,цнвцНЯ,22,97.98
2026-01-31T14:00,2026-01-31T14:15,LONG,2609.3,2588.4256,29.39,-1.2785,false,цнвцНЯ,1,96.7
2026-01-31T14:15,2026-01-31T14:30,LONG,2532.27,2512.0118,29.01,-1.2619,false,цнвцНЯ,1,95.44
2026-01-31T14:30,2026-01-31T16:45,LONG,2521,2500.832,28.63,-1.2454,false,цнвцНЯ,9,94.19
2026-01-31T17:00,2026-01-31T17:30,LONG,2405.36,2386.1171,28.26,-1.2293,false,цнвцНЯ,2,92.97
2026-02-01T05:00,2026-02-01T07:00,SHORT,2439.56,2402.9666,27.89,1.9941,true,цнвчЫИ,8,94.96
2026-02-01T07:00,2026-02-01T07:30,LONG,2398.06,2434.0309,28.49,2.037,true,цнвчЫИ,2,97
2026-02-01T09:45,2026-02-01T10:30,LONG,2430.99,2411.5421,29.1,-1.2658,false,цнвцНЯ,3,95.73
2026-02-01T10:30,2026-02-01T11:30,LONG,2384.16,2419.9224,28.72,2.0535,true,цнвчЫИ,4,97.78
2026-02-01T15:00,2026-02-01T15:15,LONG,2336.72,2318.0262,29.34,-1.2763,false,цнвцНЯ,1,96.51
2026-02-01T15:15,2026-02-01T15:30,LONG,2307,2288.544,28.95,-1.2593,false,цнвцНЯ,1,95.25
2026-02-01T15:30,2026-02-01T15:45,LONG,2300.38,2334.8857,28.57,2.0428,true,цнвчЫИ,1,97.29
2026-02-01T19:45,2026-02-01T20:30,SHORT,2319.26,2337.8141,29.19,-1.2698,false,цнвцНЯ,3,96.02
2026-02-01T23:00,2026-02-01T23:15,LONG,2258.25,2240.184,28.81,-1.2532,false,цнвцНЯ,1,94.77
2026-02-01T23:15,2026-02-01T23:30,LONG,2256.7,2290.5505,28.43,2.0327,true,цнвчЫИ,1,96.8
2026-02-02T03:00,2026-02-02T03:15,LONG,2230.3,2212.4576,29.04,-1.2632,false,цнвцНЯ,1,95.54
2026-02-02T03:15,2026-02-02T03:45,LONG,2171.46,2204.0319,28.66,2.0492,true,цнвчЫИ,2,97.59
2026-02-02T07:30,2026-02-02T09:15,LONG,2234.84,2268.3626,29.28,2.0935,true,цнвчЫИ,7,99.68
2026-02-02T14:30,2026-02-02T15:15,SHORT,2351,2369.808,29.9,-1.3006,false,цнвцНЯ,3,98.38
2026-02-02T15:15,2026-02-02T15:30,SHORT,2366.18,2385.1094,29.51,-1.2837,false,цнвцНЯ,1,97.1
2026-02-02T15:30,2026-02-02T18:00,SHORT,2375.58,2339.9463,29.13,2.0828,true,цнвчЫИ,10,99.18
2026-02-02T22:00,2026-02-03T02:30,LONG,2342.13,2323.393,29.75,-1.2941,false,цнвцНЯ,18,97.89
2026-02-03T02:30,2026-02-03T02:45,LONG,2315.15,2296.6288,29.37,-1.2776,false,цнвцНЯ,1,96.61
2026-02-03T02:45,2026-02-03T03:30,LONG,2297.29,2331.7493,28.98,2.0721,true,цнвчЫИ,3,98.68
2026-02-03T05:15,2026-02-03T09:00,SHORT,2328.15,2293.2278,29.6,2.1164,true,цнвчЫИ,15,100.8
2026-02-03T09:00,2026-02-03T09:15,LONG,2282.7,2264.4384,30.24,-1.3154,false,цнвцНЯ,1,99.48
2026-02-03T09:15,2026-02-03T13:00,LONG,2272.72,2306.8108,29.84,2.1336,true,цнвчЫИ,15,101.61
2026-02-03T14:45,2026-02-03T15:15,LONG,2256,2289.84,30.48,2.1793,true,цнвчЫИ,2,103.79
2026-02-03T18:15,2026-02-03T18:45,LONG,2135.98,2118.8922,31.14,-1.3546,false,цнвцНЯ,2,102.44
2026-02-03T23:00,2026-02-04T00:30,SHORT,2235.82,2253.7066,30.73,-1.3368,false,цнвцНЯ,6,101.1
2026-02-04T05:45,2026-02-04T06:30,SHORT,2264.29,2282.4043,30.33,-1.3194,false,цнвцНЯ,3,99.78
2026-02-04T06:30,2026-02-04T09:15,LONG,2277.42,2259.2006,29.93,-1.302,false,цнвцНЯ,11,98.48
2026-02-04T09:30,2026-02-04T11:00,LONG,2254.28,2236.2458,29.54,-1.285,false,цнвцНЯ,6,97.2
2026-02-04T11:00,2026-02-04T11:30,LONG,2232.85,2266.3427,29.16,2.0849,true,цнвчЫИ,2,99.28
2026-02-04T13:30,2026-02-04T14:00,LONG,2211.82,2194.1254,29.78,-1.2954,false,цнвцНЯ,2,97.99
2026-02-04T14:45,2026-02-04T15:00,LONG,2170.96,2153.5923,29.4,-1.2789,false,цнвцНЯ,1,96.71
2026-02-04T19:00,2026-02-04T19:15,LONG,2151.04,2133.8317,29.01,-1.2619,false,цнвцНЯ,1,95.44
2026-02-04T19:15,2026-02-04T19:30,SHORT,2134.88,2151.959,28.63,-1.2454,false,цнвцНЯ,1,94.2
2026-02-04T19:30,2026-02-04T19:45,LONG,2152.73,2185.0209,28.26,2.0206,true,цнвчЫИ,1,96.22
2026-02-04T23:30,2026-02-05T00:00,LONG,2155.65,2138.4048,28.87,-1.2558,false,цнвцНЯ,2,94.96
2026-02-05T00:00,2026-02-05T00:15,SHORT,2136.8,2153.8944,28.49,-1.2393,false,цнвцНЯ,1,93.72
2026-02-05T00:15,2026-02-05T01:15,LONG,2160.85,2143.5632,28.12,-1.2232,false,цнвцНЯ,4,92.5
2026-02-05T08:15,2026-02-05T09:00,LONG,2111.36,2143.0304,27.75,1.9841,true,цнвчЫИ,3,94.49
2026-02-05T09:00,2026-02-05T10:45,SHORT,2138.04,2105.9694,28.35,2.027,true,цнвчЫИ,7,96.51
2026-02-05T11:15,2026-02-05T12:15,LONG,2068.13,2051.585,28.95,-1.2593,false,цнвцНЯ,4,95.25
2026-02-05T15:00,2026-02-05T15:15,LONG,1996,1980.032,28.58,-1.2432,false,цнвцНЯ,1,94.01
2026-02-05T15:15,2026-02-05T15:30,LONG,1932.4,1961.386,28.2,2.0163,true,цнвчЫИ,1,96.03
2026-02-05T15:30,2026-02-05T15:45,LONG,1963.91,1948.1987,28.81,-1.2532,false,цнвцНЯ,1,94.77
2026-02-05T20:15,2026-02-05T20:30,LONG,1873.7,1858.7104,28.43,-1.2367,false,цнвцНЯ,1,93.54
2026-02-05T20:30,2026-02-05T20:45,LONG,1866.36,1851.4291,28.06,-1.2206,false,цнвцНЯ,1,92.32
2026-02-06T00:00,2026-02-06T00:15,LONG,1766.77,1752.6358,27.69,-1.2045,false,цнвчЫИ,1,91.11
2026-02-06T00:15,2026-02-06T00:30,LONG,1785.17,1811.9475,27.33,1.9541,true,цнвчЫИ,1,93.07
2026-02-06T01:00,2026-02-06T01:30,LONG,1893.66,1922.0649,27.92,1.9963,true,цнвчЫИ,2,95.06
2026-02-06T05:30,2026-02-06T05:45,SHORT,1937.59,1953.0907,28.52,-1.2406,false,цнвцНЯ,1,93.82
2026-02-06T05:45,2026-02-06T06:30,SHORT,1957.84,1928.4724,28.15,2.0127,true,цнвчЫИ,3,95.83
2026-02-06T14:30,2026-02-06T14:45,SHORT,1983.98,1999.8518,28.75,-1.2506,false,цнвцНЯ,1,94.58
2026-02-06T14:45,2026-02-06T15:45,SHORT,1978.18,1994.0054,28.37,-1.2341,false,цнвцНЯ,4,93.35
2026-02-06T16:15,2026-02-06T17:00,SHORT,2031.11,2047.3589,28,-1.218,false,цнвцНЯ,3,92.13
2026-02-06T22:30,2026-02-06T23:00,SHORT,2070.3,2086.8624,27.64,-1.2023,false,цнвцНЯ,2,90.93
2026-02-07T02:00,2026-02-07T04:00,LONG,2058.35,2089.2252,27.28,1.9505,true,цнвчЫИ,8,92.88
2026-02-07T04:00,2026-02-07T06:15,SHORT,2103.46,2071.9081,27.86,1.992,true,цнвчЫИ,9,94.87
2026-02-07T07:00,2026-02-07T07:15,LONG,2014,1997.888,28.46,-1.238,false,цнвцНЯ,1,93.63
2026-02-07T12:15,2026-02-07T14:30,SHORT,2053.79,2022.9832,28.09,2.0084,true,цнвчЫИ,9,95.64
2026-02-07T15:00,2026-02-07T16:00,LONG,2038.35,2022.0432,28.69,-1.248,false,цнвчЫИ,4,94.39
2026-02-07T17:30,2026-02-07T18:15,SHORT,2067.04,2083.5763,28.32,-1.2319,false,цнвцНЯ,3,93.16
2026-02-07T18:15,2026-02-07T18:45,SHORT,2089.46,2106.1757,27.95,-1.2158,false,цнвцНЯ,2,91.95
2026-02-08T01:45,2026-02-08T03:45,LONG,2094.75,2077.992,27.58,-1.1997,false,цнвцНЯ,8,90.75
2026-02-08T04:00,2026-02-08T08:15,LONG,2072.68,2103.7702,27.22,1.9462,true,цнвчЫИ,17,92.69
2026-02-08T08:15,2026-02-08T08:30,SHORT,2101.01,2117.8181,27.81,-1.2097,false,цнвцНЯ,1,91.48
2026-02-08T08:30,2026-02-08T11:30,SHORT,2107.81,2124.6725,27.44,-1.1936,false,цнвцНЯ,12,90.29
2026-02-08T16:45,2026-02-08T18:30,LONG,2080.09,2111.2913,27.09,1.9369,true,цнвчЫИ,7,92.23
2026-02-08T23:15,2026-02-09T01:30,SHORT,2090.85,2059.4872,27.67,1.9784,true,цнвчЫИ,9,94.2
2026-02-09T01:30,2026-02-09T03:30,LONG,2063.81,2094.7671,28.26,2.0206,true,цнвчЫИ,8,96.22
2026-02-09T03:30,2026-02-09T06:15,LONG,2092.58,2075.8394,28.87,-1.2558,false,цнвцНЯ,11,94.97
2026-02-09T07:30,2026-02-09T08:15,LONG,2066.16,2049.6307,28.49,-1.2393,false,цнвцНЯ,3,93.73
2026-02-09T08:15,2026-02-09T08:30,LONG,2051.86,2035.4451,28.12,-1.2232,false,цнвцНЯ,1,92.51
2026-02-09T14:00,2026-02-09T14:30,LONG,2013.77,2043.9765,27.75,1.9841,true,цнвчЫИ,2,94.49
2026-02-09T14:45,2026-02-09T16:30,LONG,2042.39,2073.0258,28.35,2.027,true,цнвчЫИ,7,96.52
2026-02-09T16:30,2026-02-09T16:45,SHORT,2079.84,2096.4787,28.96,-1.2598,false,цнвцНЯ,1,95.26
2026-02-09T16:45,2026-02-09T17:30,SHORT,2090.13,2106.851,28.58,-1.2432,false,цнвцНЯ,3,94.01
2026-02-09T17:30,2026-02-09T21:30,SHORT,2130.8,2098.838,28.2,2.0163,true,цнвчЫИ,16,96.03
2026-02-09T22:00,2026-02-09T23:15,LONG,2122.99,2106.0061,28.81,-1.2532,false,цнвцНЯ,5,94.78
2026-02-10T02:30,2026-02-10T03:15,SHORT,2103.71,2072.1543,28.43,2.0327,true,цнвчЫИ,3,96.81
2026-02-10T03:15,2026-02-10T03:30,LONG,2070.37,2053.807,29.04,-1.2632,false,цнвцНЯ,1,95.55
2026-02-10T03:30,2026-02-10T05:45,LONG,2060.8,2044.3136,28.66,-1.2467,false,цнвцНЯ,9,94.3
2026-02-10T06:45,2026-02-10T14:15,LONG,2008.37,2038.4955,28.29,2.0227,true,цнвчЫИ,30,96.32
2026-02-10T14:30,2026-02-10T16:00,LONG,2002.25,2032.2837,28.9,2.0663,true,цнвчЫИ,6,98.39
2026-02-10T22:45,2026-02-11T03:15,LONG,2016.64,2000.5069,29.52,-1.2841,false,цнвцНЯ,18,97.11
2026-02-11T04:00,2026-02-11T04:15,LONG,2000.84,1984.8333,29.13,-1.2672,false,цнвцНЯ,1,95.84
2026-02-11T04:15,2026-02-11T04:30,LONG,1983.74,1967.8701,28.75,-1.2506,false,цнвцНЯ,1,94.59
2026-02-11T04:30,2026-02-11T06:00,LONG,1973.12,1957.335,28.38,-1.2345,false,цнвцНЯ,6,93.35
2026-02-11T10:30,2026-02-11T12:00,LONG,1937.09,1966.1463,28.01,2.0027,true,цнвчЫИ,6,95.36
2026-02-11T13:15,2026-02-11T13:30,SHORT,1947.38,1962.959,28.61,-1.2445,false,цнвцНЯ,1,94.11
2026-02-11T13:30,2026-02-11T14:00,LONG,1954.02,1983.3303,28.23,2.0184,true,цнвчЫИ,2,96.13
2026-02-11T14:00,2026-02-11T14:30,SHORT,2002.5,1972.4625,28.84,2.0621,true,цнвчЫИ,2,98.19
2026-02-11T15:00,2026-02-11T16:00,LONG,1916.62,1945.3693,29.46,2.1064,true,цнвчЫИ,4,100.3
2026-02-11T18:45,2026-02-11T21:15,LONG,1943.01,1972.1551,30.09,2.1514,true,цнвчЫИ,10,102.45
2026-02-11T23:00,2026-02-12T00:30,SHORT,1946.6,1962.1728,30.73,-1.3368,false,цнвцНЯ,6,101.11
2026-02-12T00:30,2026-02-12T09:45,LONG,1958.84,1988.2226,30.33,2.1686,true,цнвчЫИ,37,103.28
2026-02-12T10:45,2026-02-12T15:00,SHORT,1993.09,1963.1936,30.98,2.2151,true,цнвчЫИ,17,105.5
2026-02-12T15:00,2026-02-12T15:30,LONG,1966.19,1950.4605,31.65,-1.3768,false,цнвцНЯ,2,104.12
2026-02-12T15:30,2026-02-12T16:00,LONG,1955.04,1939.3997,31.24,-1.3589,false,цнвцНЯ,2,102.76
2026-02-12T16:00,2026-02-12T16:15,LONG,1918.75,1903.4,30.83,-1.3411,false,цнвцНЯ,1,101.42
2026-02-12T16:15,2026-02-12T19:30,LONG,1908.05,1936.6707,30.43,2.1757,true,цнвчЫИ,13,103.6
2026-02-12T22:00,2026-02-13T00:00,LONG,1924.4,1953.266,31.08,2.2222,true,цнвчЫИ,8,105.82
2026-02-13T07:15,2026-02-13T13:30,LONG,1945.26,1974.4389,31.75,2.2701,true,цнвчЫИ,25,108.09
2026-02-13T13:30,2026-02-13T14:30,SHORT,1969.9,1985.6592,32.43,-1.4107,false,цнвцНЯ,4,106.68
2026-02-13T14:30,2026-02-13T14:45,SHORT,1982.99,1998.8539,32,-1.392,false,цнвцНЯ,1,105.29
2026-02-13T14:45,2026-02-13T15:00,SHORT,1990.19,2006.1115,31.59,-1.3742,false,цнвцНЯ,1,103.91
2026-02-13T15:00,2026-02-13T15:15,SHORT,2019.88,2036.039,31.17,-1.3559,false,цнвцНЯ,1,102.55
2026-02-13T15:15,2026-02-13T16:00,SHORT,2038.59,2054.8987,30.77,-1.3385,false,цнвцНЯ,3,101.22
2026-02-13T20:30,2026-02-14T08:00,SHORT,2044.51,2060.8661,30.36,-1.3207,false,цнвцНЯ,46,99.9
2026-02-14T08:00,2026-02-14T11:00,SHORT,2071.4,2087.9712,29.97,-1.3037,false,цнвцНЯ,12,98.59
2026-02-14T15:00,2026-02-15T01:15,LONG,2081.26,2064.6099,29.58,-1.2867,false,цнвцНЯ,41,97.31
2026-02-15T01:15,2026-02-15T02:30,LONG,2061.55,2045.0576,29.19,-1.2698,false,цнвцНЯ,5,96.04
2026-02-15T04:15,2026-02-15T08:30,LONG,2071.98,2055.4042,28.81,-1.2532,false,цнвцНЯ,17,94.78
2026-02-15T12:45,2026-02-15T13:45,LONG,2009.66,1993.5827,28.43,-1.2367,false,цнвцНЯ,4,93.55
2026-02-15T17:30,2026-02-15T17:45,LONG,1986.32,1970.4294,28.06,-1.2206,false,цнвцНЯ,1,92.33
2026-02-15T17:45,2026-02-15T18:45,LONG,1970.34,1954.5773,27.7,-1.2049,false,цнвцНЯ,4,91.12
2026-02-15T18:45,2026-02-15T19:00,LONG,1958.29,1942.6237,27.34,-1.1893,false,цнвцНЯ,1,89.93
2026-02-15T19:00,2026-02-15T22:45,LONG,1941.4,1970.521,26.98,1.9291,true,цнвчЫИ,15,91.86
2026-02-15T23:15,2026-02-16T00:00,SHORT,1957.55,1973.2104,27.56,-1.1989,false,цнвцНЯ,3,90.66
2026-02-16T02:00,2026-02-16T09:00,SHORT,1962.93,1978.6334,27.2,-1.1832,false,цнвцНЯ,28,89.48
2026-02-16T09:00,2026-02-16T11:15,SHORT,1985.86,1956.0721,26.84,1.9191,true,цнвчЫИ,9,91.4
2026-02-16T12:30,2026-02-16T13:00,SHORT,1996.85,2012.8248,27.42,-1.1928,false,цнвцНЯ,2,90.2
2026-02-16T13:00,2026-02-16T13:15,SHORT,2008.38,1978.2543,27.06,1.9348,true,цнвчЫИ,1,92.14
2026-02-16T16:45,2026-02-16T21:45,LONG,1972.75,2002.3412,27.64,1.9763,true,цнвчЫИ,20,94.12
2026-02-17T03:00,2026-02-17T10:30,SHORT,1991.48,1961.6078,28.23,2.0184,true,цнвчЫИ,30,96.13
2026-02-17T10:30,2026-02-17T13:45,LONG,1963.12,1992.5668,28.84,2.0621,true,цнвчЫИ,13,98.2
2026-02-17T13:45,2026-02-17T14:30,SHORT,1989.29,1959.4506,29.46,2.1064,true,цнвчЫИ,3,100.3
2026-02-17T14:45,2026-02-17T16:00,LONG,1947.7,1976.9155,30.09,2.1514,true,цнвчЫИ,5,102.45
2026-02-17T17:30,2026-02-17T18:15,SHORT,1959.15,1974.8232,30.74,-1.3372,false,цнвцНЯ,3,101.12
2026-02-17T23:00,2026-02-18T07:30,SHORT,1991.81,2007.7445,30.33,-1.3194,false,цнвцНЯ,34,99.8
2026-02-18T07:30,2026-02-18T08:15,SHORT,2010.79,2026.8763,29.94,-1.3024,false,цнвцНЯ,3,98.49
2026-02-18T08:15,2026-02-18T10:30,SHORT,2029.2,1998.762,29.55,2.1128,true,цнвчЫИ,9,100.61
2026-02-18T11:00,2026-02-18T13:45,LONG,1984.16,1968.2867,30.18,-1.3128,false,цнвцНЯ,11,99.29
2026-02-18T16:00,2026-02-18T17:00,SHORT,1967.61,1983.3509,29.79,-1.2959,false,цнвцНЯ,4,98
2026-02-18T18:30,2026-02-18T19:30,LONG,1951.23,1935.6202,29.4,-1.2789,false,цнвцНЯ,4,96.72
2026-02-18T19:30,2026-02-19T01:00,LONG,1934.05,1963.0607,29.02,2.0749,true,цнвчЫИ,22,98.79
2026-02-19T01:00,2026-02-19T07:00,SHORT,1969.07,1984.8226,29.64,-1.2893,false,цнвцНЯ,24,97.51
2026-02-19T13:15,2026-02-19T13:30,LONG,1931.76,1916.3059,29.25,-1.2724,false,цнвцНЯ,1,96.23
2026-02-19T13:30,2026-02-19T14:45,LONG,1916.95,1945.7042,28.87,2.0642,true,цнвчЫИ,5,98.3
2026-02-19T18:00,2026-02-20T00:15,LONG,1932.84,1961.8326,29.49,2.1085,true,цнвчЫИ,25,100.41
2026-02-20T00:15,2026-02-20T04:15,SHORT,1962.29,1932.8556,30.12,2.1536,true,цнвчЫИ,16,102.56
2026-02-20T04:15,2026-02-20T07:30,LONG,1936.99,1966.0448,30.77,2.2001,true,цнвчЫИ,13,104.76
2026-02-20T11:30,2026-02-20T13:30,LONG,1943.17,1927.6246,31.43,-1.3672,false,цнвцНЯ,8,103.39
2026-02-20T17:15,2026-02-20T17:30,SHORT,1943.6,1959.1488,31.02,-1.3494,false,цнвцНЯ,1,102.04
2026-02-20T17:30,2026-02-21T11:15,LONG,1957.46,1986.8219,30.61,2.1886,true,цнвчЫИ,71,104.23
2026-02-21T11:15,2026-02-22T13:30,SHORT,1982.55,1952.8117,31.27,2.2358,true,цнвчЫИ,105,106.47
2026-02-22T13:30,2026-02-23T00:45,LONG,1946.98,1931.4042,31.94,-1.3894,false,цнвцНЯ,45,105.08
2026-02-23T00:45,2026-02-23T01:00,LONG,1928.19,1912.7645,31.52,-1.3711,false,цнвцНЯ,1,103.71
2026-02-23T01:00,2026-02-23T01:15,LONG,1884.77,1869.6918,31.11,-1.3533,false,цнвцНЯ,1,102.35
2026-02-23T01:15,2026-02-23T01:45,LONG,1872.2,1857.2224,30.71,-1.3359,false,цнвцНЯ,2,101.02
2026-02-23T01:45,2026-02-23T07:00,LONG,1855.23,1883.0584,30.31,2.1672,true,цнвчЫИ,21,103.18
2026-02-23T09:30,2026-02-23T10:00,SHORT,1909.5,1924.776,30.96,-1.3468,false,цнвцНЯ,2,101.84
2026-02-23T10:00,2026-02-23T13:30,SHORT,1919.2,1934.5536,30.55,-1.3289,false,цнвцНЯ,14,100.51
2026-02-23T16:00,2026-02-23T17:00,LONG,1883.8,1868.7296,30.15,-1.3115,false,цнвцНЯ,4,99.2
2026-02-23T17:15,2026-02-23T17:30,LONG,1856.28,1841.4298,29.76,-1.2946,false,цнвцНЯ,1,97.9
2026-02-23T21:45,2026-02-24T01:00,LONG,1862.62,1847.719,29.37,-1.2776,false,цнвцНЯ,13,96.63
2026-02-24T01:00,2026-02-24T01:15,LONG,1844.87,1830.111,28.99,-1.2611,false,цнвцНЯ,1,95.36
2026-02-24T01:45,2026-02-24T03:15,LONG,1839.89,1825.1709,28.61,-1.2445,false,цнвцНЯ,6,94.12
2026-02-24T08:30,2026-02-24T09:30,LONG,1832.2,1817.5424,28.24,-1.2284,false,цнвцНЯ,4,92.89
2026-02-24T12:15,2026-02-24T13:30,LONG,1827.37,1812.751,27.87,-1.2123,false,цнвцНЯ,5,91.68
2026-02-24T13:30,2026-02-24T14:30,LONG,1816.76,1802.2259,27.5,-1.1963,false,цнвцНЯ,4,90.48
2026-02-24T14:45,2026-02-24T15:15,SHORT,1833.66,1848.3293,27.14,-1.1806,false,цнвцНЯ,2,89.3
2026-02-24T15:15,2026-02-24T17:00,SHORT,1847.7,1862.4816,26.79,-1.1654,false,цнвцНЯ,7,88.14
2026-02-24T20:30,2026-02-25T01:00,SHORT,1859,1873.872,26.44,-1.1501,false,цнвцНЯ,18,86.99
2026-02-25T01:00,2026-02-25T01:15,SHORT,1903.33,1918.5566,26.1,-1.1353,false,цнвцНЯ,1,85.85
2026-02-25T01:15,2026-02-25T02:00,SHORT,1909.44,1924.7155,25.76,-1.1206,false,цнвцНЯ,3,84.73
2026-02-25T02:00,2026-02-25T03:15,SHORT,1934.19,1905.1771,25.42,1.8175,true,цнвчЫИ,5,86.55
2026-02-25T12:45,2026-02-25T13:30,SHORT,1952.57,1968.1906,25.96,-1.1293,false,цнвцНЯ,3,85.42
2026-02-25T21:30,2026-02-25T22:45,SHORT,2110.57,2078.9115,25.63,1.8325,true,цнвчЫИ,5,87.25
2026-02-25T23:15,2026-02-25T23:30,SHORT,2068.74,2037.7089,26.18,1.8719,true,цнвчЫИ,1,89.12
2026-02-26T04:00,2026-02-26T08:15,LONG,2061.51,2045.0179,26.74,-1.1632,false,цнвцНЯ,17,87.96
2026-02-26T09:15,2026-02-26T14:45,LONG,2064.47,2047.9542,26.39,-1.148,false,цнвцНЯ,22,86.81
2026-02-26T14:45,2026-02-26T15:15,LONG,2050.33,2033.9274,26.04,-1.1327,false,цнвцНЯ,2,85.68
2026-02-26T15:15,2026-02-26T16:45,LONG,2021.6,2005.4272,25.7,-1.1179,false,цнвцНЯ,6,84.56
2026-02-26T16:45,2026-02-26T19:00,LONG,1982.9,2012.6435,25.37,1.814,true,цнвчЫИ,9,86.38
2026-02-27T00:00,2026-02-27T03:45,SHORT,2024.7,2040.8976,25.91,-1.1271,false,цнвцНЯ,15,85.25
2026-02-27T03:45,2026-02-27T04:15,SHORT,2044.16,2060.5133,25.57,-1.1123,false,цнвцНЯ,2,84.14
2026-02-27T04:15,2026-02-27T07:30,SHORT,2055.59,2024.7562,25.24,1.8047,true,цнвчЫИ,13,85.94
2026-02-27T09:15,2026-02-27T09:30,LONG,2036.72,2020.4262,25.78,-1.1214,false,цнвцНЯ,1,84.82
2026-02-27T09:30,2026-02-27T10:00,LONG,2019.07,2002.9174,25.45,-1.1071,false,цнвцНЯ,2,83.71
2026-02-27T10:00,2026-02-27T11:15,LONG,1985.41,1969.5267,25.11,-1.0923,false,цнвцНЯ,5,82.62
2026-02-27T16:00,2026-02-27T17:00,LONG,1935.5,1920.016,24.79,-1.0784,false,цнвцНЯ,4,81.54
2026-02-27T17:00,2026-02-27T17:30,LONG,1923.72,1908.3302,24.46,-1.064,false,цнвцНЯ,2,80.48
2026-02-27T21:45,2026-02-27T22:30,SHORT,1920.13,1891.3281,24.14,1.726,true,цнвчЫИ,3,82.2
2026-02-28T01:45,2026-02-28T06:15,SHORT,1923.15,1894.3028,24.66,1.7632,true,цнвчЫИ,18,83.97
2026-02-28T06:15,2026-02-28T06:30,LONG,1879.26,1864.2259,25.19,-1.0958,false,цнвцНЯ,1,82.87
2026-02-28T06:30,2026-02-28T06:45,LONG,1869.4,1854.4448,24.86,-1.0814,false,цнвцНЯ,1,81.79
2026-02-28T06:45,2026-02-28T07:30,LONG,1841.25,1868.8687,24.54,1.7546,true,цнвчЫИ,3,83.54
2026-02-28T13:45,2026-02-28T15:00,SHORT,1904.4,1875.834,25.06,1.7918,true,цнвчЫИ,5,85.34
2026-02-28T18:30,2026-02-28T18:45,SHORT,1925.79,1941.1963,25.6,-1.1136,false,цнвцНЯ,1,84.22
2026-02-28T18:45,2026-02-28T19:30,SHORT,1934.83,1950.3086,25.27,-1.0992,false,цнвцНЯ,3,83.12
2026-02-28T19:30,2026-02-28T20:15,SHORT,1943.99,1959.5419,24.94,-1.0849,false,цнвцНЯ,3,82.04
2026-03-01T01:30,2026-03-01T01:45,LONG,1966.22,1995.7133,24.61,1.7596,true,цнвчЫИ,1,83.8
2026-03-01T01:45,2026-03-01T02:00,SHORT,2011.5,2027.592,25.14,-1.0936,false,цнвцНЯ,1,82.7
2026-03-01T02:00,2026-03-01T04:00,SHORT,2045.95,2015.2607,24.81,1.7739,true,цнвчЫИ,8,84.48
2026-03-01T08:45,2026-03-01T13:15,LONG,1985.21,1969.3283,25.34,-1.1023,false,цнвцНЯ,18,83.38
2026-03-01T13:45,2026-03-01T14:00,SHORT,2005.87,2021.917,25.01,-1.0879,false,цнвцНЯ,1,82.29
2026-03-01T14:00,2026-03-01T16:00,SHORT,2015.04,1984.8144,24.69,1.7653,true,цнвчЫИ,8,84.05
2026-03-01T20:30,2026-03-01T22:00,LONG,1911.21,1939.8781,25.22,1.8032,true,цнвчЫИ,6,85.86
2026-03-01T23:45,2026-03-02T01:00,LONG,1938.6,1967.679,25.76,1.8418,true,цнвчЫИ,5,87.7
2026-03-02T07:00,2026-03-02T09:00,LONG,1928.73,1957.6609,26.31,1.8812,true,цнвчЫИ,8,89.58
2026-03-02T09:15,2026-03-02T11:00,LONG,1957.19,1941.5325,26.87,-1.1688,false,цнвцНЯ,7,88.41
2026-03-02T14:30,2026-03-02T14:45,SHORT,1964.92,1980.6394,26.52,-1.1536,false,цнвцНЯ,1,87.26
2026-03-02T14:45,2026-03-02T15:00,SHORT,1978.44,1994.2675,26.18,-1.1388,false,цнвцНЯ,1,86.12
2026-03-02T15:00,2026-03-02T15:15,SHORT,2027.61,2043.8309,25.84,-1.124,false,цнвцНЯ,1,84.99
2026-03-02T15:15,2026-03-02T15:30,SHORT,2030.35,2046.5928,25.5,-1.1092,false,цнвцНЯ,1,83.89
2026-03-02T15:30,2026-03-02T16:30,SHORT,2061.27,2077.7602,25.17,-1.0949,false,цнвцНЯ,4,82.79
2026-03-02T19:00,2026-03-02T19:45,SHORT,2026.76,2042.9741,24.84,-1.0805,false,цнвцНЯ,3,81.71
2026-03-02T19:45,2026-03-02T20:00,LONG,2042.58,2026.2394,24.51,-1.0662,false,цнвцНЯ,1,80.64
2026-03-02T22:15,2026-03-03T00:30,SHORT,2049.18,2018.4423,24.19,1.7296,true,цнвчЫИ,9,82.37
2026-03-03T08:00,2026-03-03T08:30,LONG,1984.7,1968.8224,24.71,-1.0749,false,цнвцНЯ,2,81.3
2026-03-03T08:30,2026-03-03T09:15,LONG,1960.74,1945.0541,24.39,-1.061,false,цнвцНЯ,3,80.24
2026-03-03T09:15,2026-03-03T12:00,LONG,1947.85,1977.0677,24.07,1.721,true,цнвчЫИ,11,81.96
2026-03-03T14:30,2026-03-03T15:30,LONG,1936.48,1965.5272,24.59,1.7582,true,цнвчЫИ,4,83.72
2026-03-03T16:00,2026-03-03T16:15,SHORT,1993.99,2009.9419,25.11,-1.0923,false,цнвцНЯ,1,82.62
2026-03-03T16:15,2026-03-03T16:30,SHORT,2005.16,1975.0826,24.79,1.7725,true,цнвчЫИ,1,84.4
2026-03-04T02:00,2026-03-04T03:30,SHORT,1975.96,1946.3206,25.32,1.8104,true,цнвчЫИ,6,86.21
2026-03-04T03:30,2026-03-04T06:30,LONG,1949.93,1979.1789,25.86,1.849,true,цнвчЫИ,12,88.06
2026-03-04T07:45,2026-03-04T08:30,SHORT,2005.44,2021.4835,26.42,-1.1493,false,цнвцНЯ,3,86.91
2026-03-04T08:30,2026-03-04T08:45,SHORT,2029.24,2045.4739,26.07,-1.134,false,цнвцНЯ,1,85.77
2026-03-04T08:45,2026-03-04T09:30,SHORT,2062.94,2079.4435,25.73,-1.1193,false,цнвцНЯ,3,84.65
2026-03-04T13:00,2026-03-04T14:30,LONG,2058.83,2089.7124,25.4,1.8161,true,цнвчЫИ,6,86.47
2026-03-04T15:00,2026-03-04T15:15,SHORT,2088.31,2105.0165,25.94,-1.1284,false,цнвцНЯ,1,85.34
2026-03-04T15:15,2026-03-04T15:45,SHORT,2138.72,2155.8298,25.6,-1.1136,false,цнвцНЯ,2,84.23
2026-03-04T15:45,2026-03-04T16:00,SHORT,2149.21,2166.4037,25.27,-1.0992,false,цнвцНЯ,1,83.13
2026-03-05T03:30,2026-03-05T04:45,LONG,2108.14,2139.7621,24.94,1.7832,true,цнвчЫИ,5,84.91
2026-03-05T05:30,2026-03-05T09:30,SHORT,2116.23,2133.1598,25.47,-1.1079,false,цнвцНЯ,16,83.8
2026-03-05T10:30,2026-03-05T13:15,SHORT,2151.1,2118.8335,25.14,1.7975,true,цнвчЫИ,11,85.6
2026-03-05T15:15,2026-03-05T16:00,LONG,2073,2056.416,25.68,-1.1171,false,цнвцНЯ,3,84.48
2026-03-05T20:00,2026-03-06T01:15,LONG,2079.7,2063.0624,25.35,-1.1027,false,цнвцНЯ,21,83.38
2026-03-06T04:00,2026-03-06T09:30,SHORT,2077.24,2046.0814,25.01,1.7882,true,цнвчЫИ,22,85.17
2026-03-06T09:30,2026-03-06T12:00,LONG,2054.24,2037.8061,25.55,-1.1114,false,цнвцНЯ,10,84.06
2026-03-06T13:45,2026-03-06T14:00,LONG,2018.66,2002.5107,25.22,-1.0971,false,цнвцНЯ,1,82.96
2026-03-06T14:00,2026-03-06T14:30,LONG,2005.82,1989.7734,24.89,-1.0827,false,цнвцНЯ,2,81.88
2026-03-06T14:30,2026-03-06T14:45,LONG,1990.12,1974.199,24.56,-1.0684,false,цнвцНЯ,1,80.81
2026-03-06T14:45,2026-03-06T17:30,LONG,1980.54,1964.6957,24.24,-1.0544,false,цнвцНЯ,11,79.76
2026-03-06T19:15,2026-03-06T20:30,LONG,1985.4,1969.5168,23.93,-1.041,false,цнвцНЯ,5,78.71
2026-03-06T21:45,2026-03-07T04:00,LONG,1983.01,1967.1459,23.61,-1.027,false,цнвцНЯ,25,77.69
2026-03-07T04:00,2026-03-07T19:45,LONG,1969.67,1953.9126,23.31,-1.014,false,цнвцНЯ,63,76.67
2026-03-07T19:45,2026-03-08T02:45,LONG,1953.81,1938.1795,23,-1.0005,false,цнвцНЯ,28,75.67
2026-03-08T02:45,2026-03-08T10:15,LONG,1941.42,1970.5413,22.7,1.6231,true,цнвчЫИ,30,77.3
2026-03-08T12:00,2026-03-08T19:30,LONG,1934.13,1963.1419,23.19,1.6581,true,цнвчЫИ,30,78.95
2026-03-08T19:30,2026-03-08T22:00,SHORT,1965.11,1935.6333,23.69,1.6938,true,цнвчЫИ,10,80.65
2026-03-09T00:30,2026-03-09T02:15,LONG,1955,1939.36,24.19,-1.0523,false,цнвцНЯ,7,79.6
2026-03-09T02:15,2026-03-09T02:30,SHORT,1943.12,1958.665,23.88,-1.0388,false,цнвцНЯ,1,78.56
2026-03-09T03:00,2026-03-09T05:45,SHORT,1996.62,2012.593,23.57,-1.0253,false,цнвцНЯ,11,77.53
2026-03-09T07:15,2026-03-09T08:15,SHORT,1975.8,1991.6064,23.26,-1.0118,false,цнвцНЯ,4,76.52
2026-03-09T09:30,2026-03-09T11:15,SHORT,2015.02,1984.7947,22.96,1.6416,true,цнвчЫИ,7,78.16
2026-03-09T13:15,2026-03-09T16:45,SHORT,2017.26,2033.3981,23.45,-1.0201,false,цнвцНЯ,14,77.14
2026-03-09T19:15,2026-03-09T20:45,SHORT,2049.14,2018.4029,23.14,1.6545,true,цнвчЫИ,6,78.8
2026-03-09T22:00,2026-03-09T23:45,SHORT,2022.33,1991.995,23.64,1.6903,true,цнвчЫИ,7,80.49
2026-03-10T01:00,2026-03-10T02:30,LONG,2017.44,2047.7016,24.15,1.7267,true,цнвчЫИ,6,82.21
2026-03-10T02:30,2026-03-10T08:00,SHORT,2046.42,2062.7914,24.66,-1.0727,false,цнвцНЯ,22,81.14
2026-03-10T08:00,2026-03-10T13:30,SHORT,2059,2028.115,24.34,1.7403,true,цнвчЫИ,22,82.88
2026-03-10T13:30,2026-03-10T14:00,LONG,2029.9,2013.6608,24.86,-1.0814,false,цнвцНЯ,2,81.8
2026-03-10T14:00,2026-03-10T14:30,LONG,2013.83,2044.0374,24.54,1.7546,true,цнвчЫИ,2,83.55
2026-03-11T00:00,2026-03-11T02:30,LONG,2037.3,2021.0016,25.07,-1.0905,false,цнвцНЯ,10,82.46
2026-03-11T02:30,2026-03-11T13:30,LONG,2021.63,2051.9544,24.74,1.7689,true,цнвчЫИ,44,84.23
2026-03-11T13:30,2026-03-11T15:30,SHORT,2062.01,2031.0799,25.27,1.8068,true,цнвчЫИ,8,86.04
2026-03-11T21:00,2026-03-11T22:00,SHORT,2064.86,2081.3789,25.81,-1.1227,false,цнвцНЯ,4,84.92
2026-03-11T22:00,2026-03-11T23:45,SHORT,2078.95,2047.7657,25.47,1.8211,true,цнвчЫИ,7,86.74
2026-03-12T02:45,2026-03-12T09:30,LONG,2023.66,2054.0149,26.02,1.8604,true,цнвчЫИ,27,88.6
2026-03-12T09:30,2026-03-12T11:45,SHORT,2060.01,2076.4901,26.58,-1.1562,false,цнвцНЯ,9,87.44
2026-03-12T14:00,2026-03-12T14:30,SHORT,2079.11,2047.9234,26.23,1.8754,true,цнвчЫИ,2,89.32